	Control_1	Control_2	Control_3	Treatment_1	Treatment_2	Treatment_3
Gene_00000	362	503	521	328	270	769
Gene_00001	108	135	241	144	155	110
Gene_00002	549	307	646	135	102	103
Gene_00003	2144	4621	2599	3612	3338	3896
Gene_00004	74	142	78	107	132	54
Gene_00005	42	107	148	131	89	63
Gene_00006	2927	5029	3204	4865	1447	1675
Gene_00007	658	672	437	643	638	675
Gene_00008	18	73	36	75	58	73
Gene_00009	266	502	370	467	363	392
Gene_00010	56	37	87	49	51	51
Gene_00011	69	68	64	64	63	40
Gene_00012	288	118	278	195	438	212
Gene_00013	2	4	4	1	1	8
Gene_00014	1	2	7	4	5	5
Gene_00015	34	70	41	39	62	65
Gene_00016	28	23	18	18	25	21
Gene_00017	421	412	471	345	189	268
Gene_00018	29	38	44	12	32	27
Gene_00019	15	7	14	5	5	11
Gene_00020	4510	2802	2333	3913	4372	1509
Gene_00021	108	98	68	120	87	102
Gene_00022	134	140	142	121	175	265
Gene_00023	6	9	8	12	12	19
Gene_00024	39	38	62	43	31	36
Gene_00025	195	162	175	219	266	275
Gene_00026	10	12	14	2	16	11
Gene_00027	310	146	341	264	229	126
Gene_00028	71	51	54	26	16	18
Gene_00029	75	110	69	81	131	94
Gene_00030	39	55	56	61	23	66
Gene_00031	6850	11244	9915	5742	3836	5250
Gene_00032	167	157	111	117	63	56
Gene_00033	11	20	18	15	30	18
Gene_00034	292	548	1201	439	382	429
Gene_00035	16	9	8	9	8	9
Gene_00036	281	183	351	153	285	335
Gene_00037	8	3	3	5	3	4
Gene_00038	11	7	6	13	17	16
Gene_00039	228	436	307	142	218	381
Gene_00040	1302	515	562	722	567	553
Gene_00041	210	408	233	156	234	129
Gene_00042	150	138	64	213	223	112
Gene_00043	92	55	53	146	49	49
Gene_00044	15	7	8	8	12	7
Gene_00045	29	27	36	34	45	17
Gene_00046	40	50	39	21	22	54
Gene_00047	900	752	1174	981	2295	1088
Gene_00048	339	281	316	439	386	303
Gene_00049	2	4	3	5	6	4
Gene_00050	229	347	253	158	190	179
Gene_00051	52	75	69	102	78	58
Gene_00052	40	34	29	39	39	50
Gene_00053	399	589	528	323	599	338
Gene_00054	819	1085	1986	1372	1059	577
Gene_00055	611	814	771	1076	346	779
Gene_00056	35	20	23	21	42	9
Gene_00057	43	72	54	63	79	106
Gene_00058	507	228	317	317	503	263
Gene_00059	1660	1860	846	1241	1606	865
Gene_00060	91	57	64	74	47	74
Gene_00061	214	75	23	117	46	66
Gene_00062	11	15	13	2	9	15
Gene_00063	5	15	8	8	3	5
Gene_00064	626	698	714	480	377	697
Gene_00065	2255	2911	3422	1880	3787	2227
Gene_00066	116	127	99	258	372	316
Gene_00067	1438	875	1368	1060	406	1499
Gene_00068	316	308	413	1366	1564	1461
Gene_00069	38	33	35	70	44	29
Gene_00070	275	472	281	409	379	372
Gene_00071	3157	7375	2744	3721	2350	2213
Gene_00072	133	135	97	152	185	188
Gene_00073	3896	2052	5307	2265	5431	4565
Gene_00074	1	1	1	0	2	1
Gene_00075	1095	586	630	795	911	1023
Gene_00076	210	70	92	50	192	216
Gene_00077	57	91	92	87	50	111
Gene_00078	108	106	227	972	962	474
Gene_00079	2	3	10	3	2	7
Gene_00080	43	98	105	47	12	42
Gene_00081	299	154	165	259	472	367
Gene_00082	3549	1441	3228	3413	2718	3442
Gene_00083	20	36	52	36	37	23
Gene_00084	31	26	23	32	24	34
Gene_00085	53	63	74	44	64	77
Gene_00086	1361	816	1123	933	579	901
Gene_00087	191	186	239	207	357	202
Gene_00088	9	38	37	41	41	62
Gene_00089	291	426	489	502	353	424
Gene_00090	148	146	146	101	147	103
Gene_00091	999	606	759	1001	1314	1469
Gene_00092	25	22	35	142	276	227
Gene_00093	65	186	101	69	49	50
Gene_00094	70	58	37	61	29	73
Gene_00095	7	13	12	7	2	4
Gene_00096	191	190	322	280	290	304
Gene_00097	234	146	468	306	104	288
Gene_00098	190	125	100	108	165	116
Gene_00099	57	93	73	59	106	77
Gene_00100	13	3	3	11	4	8
Gene_00101	91	37	114	65	83	54
Gene_00102	62	57	89	53	86	113
Gene_00103	12	38	34	14	7	6
Gene_00104	123	124	161	98	115	70
Gene_00105	468	377	333	417	289	312
Gene_00106	7051	7700	7675	9086	5535	8256
Gene_00107	271	205	263	327	121	130
Gene_00108	182	312	133	178	345	300
Gene_00109	85	226	137	84	127	200
Gene_00110	4	1	2	2	8	6
Gene_00111	87	241	162	128	111	136
Gene_00112	139	164	99	189	160	292
Gene_00113	25623	8139	37138	21943	21044	16807
Gene_00114	73	98	56	103	31	97
Gene_00115	183	237	169	242	142	383
Gene_00116	101	156	173	162	128	127
Gene_00117	15	5	4	8	12	4
Gene_00118	1656	2213	829	2635	1583	1780
Gene_00119	714	559	487	500	1146	540
Gene_00120	391	695	936	713	361	747
Gene_00121	26	21	34	25	18	22
Gene_00122	1685	1937	2008	5978	7180	3840
Gene_00123	7	7	10	14	9	10
Gene_00124	582	365	269	564	514	449
Gene_00125	10178	17840	9546	4965	8668	15416
Gene_00126	18	12	26	18	20	15
Gene_00127	60	22	54	36	63	59
Gene_00128	414	252	169	167	208	259
Gene_00129	170	70	74	21	32	20
Gene_00130	11	9	2	6	3	2
Gene_00131	193	114	118	167	197	419
Gene_00132	18	31	24	17	10	17
Gene_00133	514	132	448	425	472	261
Gene_00134	29	38	26	11	7	14
Gene_00135	2461	4669	4893	3553	4712	4467
Gene_00136	31	20	30	34	43	74
Gene_00137	46	78	84	89	80	58
Gene_00138	935	668	395	651	865	1052
Gene_00139	11	18	14	13	4	12
Gene_00140	131	133	115	290	141	241
Gene_00141	2890	2689	1838	1183	1761	1964
Gene_00142	6	2	2	6	5	7
Gene_00143	295	288	175	67	42	74
Gene_00144	158	231	272	219	193	138
Gene_00145	504	438	1001	705	872	379
Gene_00146	19	5	10	16	14	10
Gene_00147	8	19	6	12	5	6
Gene_00148	315	310	412	377	338	307
Gene_00149	231	239	325	194	278	216
Gene_00150	305	185	315	153	346	325
Gene_00151	558	549	171	431	254	165
Gene_00152	47	17	43	47	58	36
Gene_00153	252	108	249	273	269	184
Gene_00154	168	287	132	363	514	185
Gene_00155	34	31	58	8	5	7
Gene_00156	5820	4394	6086	7545	4031	10481
Gene_00157	328	379	530	373	508	530
Gene_00158	16	29	9	16	11	14
Gene_00159	880	433	618	380	739	536
Gene_00160	11	18	13	8	22	18
Gene_00161	525	622	815	1202	726	846
Gene_00162	1270	1672	1612	1693	1225	1178
Gene_00163	40	33	18	33	19	45
Gene_00164	1175	331	589	965	625	827
Gene_00165	184	403	323	309	339	207
Gene_00166	969	919	715	807	566	740
Gene_00167	14245	2188	6156	6547	7079	9008
Gene_00168	41	83	70	184	140	105
Gene_00169	50	11	22	43	54	33
Gene_00170	18	23	18	24	19	15
Gene_00171	48	24	10	27	37	27
Gene_00172	88	123	89	96	145	195
Gene_00173	441	327	245	249	243	331
Gene_00174	337	277	221	199	143	243
Gene_00175	826	642	430	1139	475	450
Gene_00176	412	154	149	126	207	67
Gene_00177	3847	2652	3304	1478	2946	1522
Gene_00178	81	152	94	85	97	46
Gene_00179	36636	15325	27369	51989	28886	21060
Gene_00180	555	535	409	406	228	367
Gene_00181	82	37	18	33	26	13
Gene_00182	38	16	21	19	18	5
Gene_00183	233	435	464	716	454	355
Gene_00184	119	83	150	89	74	57
Gene_00185	733	1279	997	669	688	557
Gene_00186	263	285	373	365	621	460
Gene_00187	86	240	102	79	84	207
Gene_00188	26	25	11	109	29	72
Gene_00189	7	3	4	9	4	8
Gene_00190	54	53	73	70	52	58
Gene_00191	1093	819	743	551	1123	475
Gene_00192	172	281	216	152	284	307
Gene_00193	14	27	8	7	20	8
Gene_00194	418	391	190	775	867	937
Gene_00195	219	275	686	532	277	332
Gene_00196	27	24	28	37	24	36
Gene_00197	215	199	170	107	363	107
Gene_00198	105	238	155	195	225	108
Gene_00199	13	19	18	18	8	14
Gene_00200	241	189	346	384	165	478
Gene_00201	474	663	579	780	680	174
Gene_00202	943	1768	993	856	1514	1692
Gene_00203	666	1563	555	974	1442	976
Gene_00204	14	8	8	7	3	5
Gene_00205	17	21	26	17	22	40
Gene_00206	480	359	320	602	359	436
Gene_00207	520	389	498	1041	2240	2808
Gene_00208	359	613	601	526	509	469
Gene_00209	269545	239856	364819	1561459	1017346	624476
Gene_00210	303	479	235	599	515	731
Gene_00211	1566	1504	1292	1856	1332	2103
Gene_00212	824	981	928	454	352	109
Gene_00213	278	336	705	466	573	556
Gene_00214	85	76	99	190	151	259
Gene_00215	1013	563	900	532	465	581
Gene_00216	19	18	26	22	41	18
Gene_00217	67	102	85	19	146	59
Gene_00218	56	77	71	106	73	40
Gene_00219	192	100	242	208	172	105
Gene_00220	16602	11243	8646	27005	18141	17790
Gene_00221	4	2	4	2	6	2
Gene_00222	450	599	526	529	864	386
Gene_00223	7	8	0	9	5	4
Gene_00224	70	58	71	56	45	69
Gene_00225	936	1127	1545	1386	1336	1374
Gene_00226	246	171	288	145	149	349
Gene_00227	26	31	17	28	20	34
Gene_00228	18	47	31	15	32	25
Gene_00229	482	724	811	615	575	716
Gene_00230	40	52	38	45	44	28
Gene_00231	346	120	229	190	316	240
Gene_00232	161	218	156	105	99	183
Gene_00233	17	14	42	45	35	34
Gene_00234	6946	8335	10139	10254	5913	8368
Gene_00235	552	138	702	393	733	238
Gene_00236	6	0	2	2	1	3
Gene_00237	294	155	230	273	212	305
Gene_00238	48	20	59	36	48	36
Gene_00239	1120	862	814	702	1255	657
Gene_00240	28	29	13	10	44	44
Gene_00241	135	145	74	72	111	138
Gene_00242	424	533	539	311	278	604
Gene_00243	1053	702	459	725	509	419
Gene_00244	8	6	13	19	15	18
Gene_00245	55	104	48	47	64	98
Gene_00246	48	40	68	32	57	55
Gene_00247	33	19	21	40	44	35
Gene_00248	3738	5581	4268	3444	3651	3955
Gene_00249	266	446	475	316	456	405
Gene_00250	7	11	13	12	16	16
Gene_00251	586	1151	1260	483	334	536
Gene_00252	9908	8424	11528	7713	8060	8582
Gene_00253	459	1469	747	797	1363	2678
Gene_00254	15	7	7	4	7	7
Gene_00255	43	17	45	52	26	32
Gene_00256	1559	1691	1950	971	1894	916
Gene_00257	48	34	34	29	34	31
Gene_00258	447	254	380	382	254	324
Gene_00259	577	693	713	533	571	739
Gene_00260	45	20	23	20	12	31
Gene_00261	205	94	196	112	201	239
Gene_00262	0	0	0	0	0	0
Gene_00263	6	23	17	25	43	17
Gene_00264	74	85	50	103	65	44
Gene_00265	12	6	6	4	8	8
Gene_00266	2673	5886	3702	2950	3134	2710
Gene_00267	7	14	7	44	28	45
Gene_00268	75	61	51	76	60	69
Gene_00269	205	170	139	400	166	337
Gene_00270	4468	2105	1727	3281	1797	2337
Gene_00271	6	10	18	14	9	8
Gene_00272	1591	1033	1115	3603	1864	4284
Gene_00273	44	121	156	124	140	200
Gene_00274	4	13	17	21	11	11
Gene_00275	535	263	419	171	67	83
Gene_00276	158	200	276	168	201	246
Gene_00277	25	19	41	41	61	73
Gene_00278	231	183	208	245	104	163
Gene_00279	50	61	60	142	86	21
Gene_00280	178	214	205	185	122	262
Gene_00281	327	458	658	398	870	434
Gene_00282	3861	2703	3088	2758	6049	5762
Gene_00283	12	17	11	8	17	5
Gene_00284	9903	8472	13363	7036	13130	5937
Gene_00285	1	0	2	3	3	3
Gene_00286	65	90	72	81	79	81
Gene_00287	511	432	398	496	271	541
Gene_00288	377	250	202	263	377	340
Gene_00289	36	53	54	45	48	43
Gene_00290	116	134	116	62	82	85
Gene_00291	45	36	37	45	45	63
Gene_00292	24	55	52	32	32	44
Gene_00293	1133	1460	725	377	777	689
Gene_00294	314	267	336	283	726	384
Gene_00295	68	20	44	41	24	63
Gene_00296	892	864	792	1187	544	639
Gene_00297	231	377	159	396	198	75
Gene_00298	1420	610	1143	4650	1912	3389
Gene_00299	696	673	402	349	495	188
Gene_00300	24	19	46	55	20	13
Gene_00301	42	47	54	42	47	34
Gene_00302	691	605	301	362	313	581
Gene_00303	1120	418	493	426	274	363
Gene_00304	110	131	159	205	181	170
Gene_00305	207	330	204	190	99	90
Gene_00306	1172	1788	2746	2373	1011	1637
Gene_00307	53	44	44	38	31	29
Gene_00308	549	617	349	801	567	411
Gene_00309	77	53	80	116	57	74
Gene_00310	91	69	43	61	20	57
Gene_00311	669	1183	1498	998	1272	893
Gene_00312	827	628	816	686	937	668
Gene_00313	1388	772	513	532	744	606
Gene_00314	1801	1855	2154	1256	1647	2853
Gene_00315	91	244	129	57	37	69
Gene_00316	232	508	745	451	332	282
Gene_00317	101	76	74	77	99	107
Gene_00318	197	324	157	267	476	383
Gene_00319	41	117	109	38	92	27
Gene_00320	93	284	327	561	268	506
Gene_00321	394	503	271	422	359	325
Gene_00322	50	27	27	110	110	98
Gene_00323	15749	9758	15751	5407	9073	10691
Gene_00324	18	15	10	30	23	14
Gene_00325	12	19	24	16	10	18
Gene_00326	1821	1765	1828	2162	1340	830
Gene_00327	529	653	736	699	1401	672
Gene_00328	762	446	487	317	532	557
Gene_00329	364	293	273	351	190	255
Gene_00330	151	139	133	42	97	198
Gene_00331	16	43	34	12	65	17
Gene_00332	137	86	135	81	178	214
Gene_00333	24	30	35	53	45	8
Gene_00334	693	792	1241	1801	974	1661
Gene_00335	91	111	151	155	117	99
Gene_00336	32	40	22	31	6	25
Gene_00337	56	73	65	13	15	23
Gene_00338	282	356	424	317	357	268
Gene_00339	45	74	42	52	53	73
Gene_00340	12	28	24	33	46	34
Gene_00341	261	243	246	182	221	136
Gene_00342	361	305	190	204	216	89
Gene_00343	57	38	57	37	121	94
Gene_00344	16	63	47	124	58	44
Gene_00345	140	204	257	165	298	196
Gene_00346	4	5	5	9	9	9
Gene_00347	5	6	2	10	9	19
Gene_00348	28	18	28	21	33	52
Gene_00349	71	173	76	84	29	97
Gene_00350	192	307	205	1549	929	1768
Gene_00351	2124	1458	2161	3149	2992	3161
Gene_00352	534	950	588	865	544	896
Gene_00353	174	81	63	107	164	68
Gene_00354	131	80	162	112	153	109
Gene_00355	21	28	28	28	10	27
Gene_00356	130	121	188	58	157	138
Gene_00357	101	145	101	73	76	112
Gene_00358	204	215	235	222	426	126
Gene_00359	17	22	33	16	35	18
Gene_00360	711	624	538	353	281	517
Gene_00361	4863	3919	1994	1746	1929	1749
Gene_00362	86	83	116	128	71	156
Gene_00363	384	273	300	420	1041	935
Gene_00364	436	665	521	395	407	449
Gene_00365	90	79	56	72	57	72
Gene_00366	117	289	354	241	275	364
Gene_00367	318	66	142	47	181	162
Gene_00368	183	112	213	112	203	91
Gene_00369	46	36	32	31	20	24
Gene_00370	152	32	105	186	114	149
Gene_00371	536	235	328	492	384	692
Gene_00372	3232	4326	3296	2715	4356	2102
Gene_00373	1426	1508	1221	857	721	1300
Gene_00374	15327	7644	9915	10749	6128	15463
Gene_00375	50	23	33	11	19	8
Gene_00376	874	1312	842	1112	828	842
Gene_00377	240	262	168	209	204	154
Gene_00378	7401	12653	11847	8737	7791	10985
Gene_00379	43	28	31	38	55	9
Gene_00380	11	18	29	19	20	33
Gene_00381	68	30	43	53	68	28
Gene_00382	4	0	1	0	0	2
Gene_00383	59	64	62	172	168	67
Gene_00384	58	41	38	15	29	40
Gene_00385	266	156	113	179	118	184
Gene_00386	250	319	162	217	209	282
Gene_00387	2668	4831	7684	7680	8988	8327
Gene_00388	1725	1355	1510	1432	1366	1149
Gene_00389	34	66	39	43	17	39
Gene_00390	34	21	28	14	18	24
Gene_00391	237	410	375	679	462	243
Gene_00392	10	17	7	16	12	8
Gene_00393	8866	7820	7583	5899	6340	3766
Gene_00394	757	591	2195	3214	734	1997
Gene_00395	69	47	96	69	44	42
Gene_00396	7	6	9	1	5	7
Gene_00397	1849	3833	2518	1797	2585	2064
Gene_00398	51	136	126	137	95	186
Gene_00399	1445	1063	2107	1762	919	1415
Gene_00400	6	3	8	10	6	8
Gene_00401	42	26	52	35	47	37
Gene_00402	333	198	73	314	376	888
Gene_00403	237	144	162	752	600	568
Gene_00404	76	79	78	59	48	95
Gene_00405	516	559	239	749	649	565
Gene_00406	12	33	14	9	16	16
Gene_00407	190	95	139	135	100	74
Gene_00408	179	160	403	194	179	273
Gene_00409	390	233	392	390	269	410
Gene_00410	755	758	518	506	747	468
Gene_00411	13	8	18	16	17	23
Gene_00412	19	14	11	9	8	6
Gene_00413	1278	2664	1714	1832	2838	2186
Gene_00414	308	109	172	249	332	309
Gene_00415	42	27	42	29	29	25
Gene_00416	3926	1203	3770	2885	2308	3016
Gene_00417	264	84	100	167	163	98
Gene_00418	1113	1641	1036	910	1250	2051
Gene_00419	169	123	117	172	274	135
Gene_00420	8634	7356	18227	9678	12192	7376
Gene_00421	3213	4416	4804	5617	6688	3265
Gene_00422	18	117	60	56	114	86
Gene_00423	1671	975	754	1283	1195	1450
Gene_00424	812	694	530	770	402	815
Gene_00425	3469	1464	1341	2276	2707	2976
Gene_00426	27	23	28	30	26	23
Gene_00427	375	310	603	726	627	511
Gene_00428	1213	992	461	1412	1202	832
Gene_00429	2	8	3	2	4	12
Gene_00430	4	30	5	18	14	20
Gene_00431	5	2	3	2	5	2
Gene_00432	101	120	71	60	62	61
Gene_00433	439	676	791	447	716	362
Gene_00434	4065	2883	4138	5410	2409	2039
Gene_00435	117	250	183	190	204	255
Gene_00436	4206	2786	4539	6178	7005	4016
Gene_00437	10	13	5	4	3	11
Gene_00438	3	4	2	9	8	4
Gene_00439	140	116	116	135	154	151
Gene_00440	474	354	311	373	252	633
Gene_00441	97	59	181	200	171	169
Gene_00442	2	1	4	1	1	2
Gene_00443	80	133	63	89	51	109
Gene_00444	18	17	8	9	15	7
Gene_00445	331	612	670	2788	2367	2562
Gene_00446	232	240	414	100	399	270
Gene_00447	15	41	24	41	28	19
Gene_00448	62	72	53	13	55	27
Gene_00449	18	26	14	25	18	29
Gene_00450	162	96	80	97	189	164
Gene_00451	1019	483	1185	1372	1311	657
Gene_00452	17	8	22	13	16	18
Gene_00453	402	230	289	726	481	189
Gene_00454	102	67	36	39	34	67
Gene_00455	35	29	10	47	28	30
Gene_00456	110	113	124	97	173	104
Gene_00457	21	9	17	26	25	22
Gene_00458	106	36	37	72	86	75
Gene_00459	4	5	8	9	17	6
Gene_00460	6996	11552	7004	8822	2759	5294
Gene_00461	216	168	342	120	197	157
Gene_00462	47	50	44	24	61	70
Gene_00463	213	348	181	235	201	279
Gene_00464	137	53	135	62	43	123
Gene_00465	174	64	147	108	61	149
Gene_00466	415	517	650	741	499	332
Gene_00467	364	682	772	914	1137	968
Gene_00468	32	75	36	20	18	21
Gene_00469	27	75	59	30	29	61
Gene_00470	79	120	99	85	79	132
Gene_00471	3	2	7	1	1	1
Gene_00472	8	8	5	5	0	11
Gene_00473	2266	2065	1906	2687	2045	1529
Gene_00474	3701	4744	5131	6520	2715	2782
Gene_00475	92	78	81	77	73	115
Gene_00476	537	523	698	470	430	261
Gene_00477	168	172	198	597	216	276
Gene_00478	60570	70202	102043	61160	74724	58606
Gene_00479	2283	1974	1626	1340	1149	1059
Gene_00480	112	90	116	122	52	85
Gene_00481	41	17	12	23	21	22
Gene_00482	6	3	10	5	5	2
Gene_00483	316	264	131	262	252	193
Gene_00484	22	43	34	29	33	46
Gene_00485	1	17	9	11	4	18
Gene_00486	42	54	47	41	74	51
Gene_00487	16	25	10	2	9	25
Gene_00488	11794	1608	3015	8594	2887	2314
Gene_00489	1948	1463	995	930	797	923
Gene_00490	112	199	175	195	126	256
Gene_00491	3346	1681	4427	2935	3478	3204
Gene_00492	115	178	111	43	30	67
Gene_00493	22	41	29	10	11	24
Gene_00494	2396	2690	4754	5940	8588	9244
Gene_00495	503	734	418	172	216	714
Gene_00496	5	22	45	12	30	23
Gene_00497	93	90	94	127	51	113
Gene_00498	33	44	29	5	5	13
Gene_00499	9	12	16	6	11	5
Gene_00500	933	1153	599	1056	666	466
Gene_00501	6586	3681	3860	5880	6159	4452
Gene_00502	9	5	17	11	4	6
Gene_00503	362	422	631	637	302	473
Gene_00504	13	27	56	19	58	36
Gene_00505	64	51	69	47	16	86
Gene_00506	38	40	71	30	49	38
Gene_00507	16	40	27	31	13	36
Gene_00508	199	93	319	153	74	157
Gene_00509	37	31	24	38	24	29
Gene_00510	273	307	362	350	273	222
Gene_00511	135	107	135	208	138	215
Gene_00512	64	69	99	100	127	115
Gene_00513	20	49	38	39	22	28
Gene_00514	50	65	19	16	14	10
Gene_00515	245	627	391	574	696	1364
Gene_00516	298	502	501	365	459	358
Gene_00517	9	15	25	23	15	13
Gene_00518	156	152	193	98	220	275
Gene_00519	713	556	883	1400	836	653
Gene_00520	7	6	3	3	2	6
Gene_00521	483	526	289	312	253	490
Gene_00522	58	49	25	24	40	56
Gene_00523	257	813	508	670	778	524
Gene_00524	34	25	57	31	27	32
Gene_00525	2	4	3	7	9	3
Gene_00526	3	6	7	2	5	5
Gene_00527	138	213	205	179	233	162
Gene_00528	174	272	202	281	247	98
Gene_00529	18	35	15	13	30	17
Gene_00530	661	528	353	888	612	835
Gene_00531	9	3	4	4	11	3
Gene_00532	108	111	97	132	169	110
Gene_00533	13	4	10	8	8	13
Gene_00534	51	26	34	30	12	35
Gene_00535	203	193	185	151	237	85
Gene_00536	14	59	30	16	16	6
Gene_00537	97	76	57	101	65	73
Gene_00538	1074	879	807	605	830	872
Gene_00539	94	61	40	43	35	72
Gene_00540	549	717	538	837	823	746
Gene_00541	16	9	12	17	9	17
Gene_00542	449	322	178	376	194	717
Gene_00543	3623	3224	3645	4779	2418	1796
Gene_00544	0	0	0	1	2	0
Gene_00545	37	19	42	31	15	32
Gene_00546	356	438	490	428	286	725
Gene_00547	25	95	104	26	96	54
Gene_00548	373	272	423	349	195	377
Gene_00549	19	56	53	5	11	6
Gene_00550	226	138	53	132	194	237
Gene_00551	131	131	112	127	138	20
Gene_00552	1090	2463	2155	841	634	588
Gene_00553	252	305	287	251	271	205
Gene_00554	345	344	659	293	343	471
Gene_00555	56	65	30	40	39	89
Gene_00556	91	21	69	183	139	77
Gene_00557	101	45	64	46	50	63
Gene_00558	636	454	418	282	143	328
Gene_00559	49	74	48	89	93	53
Gene_00560	97	374	268	309	394	230
Gene_00561	8095	23147	7077	2532	4812	5612
Gene_00562	161	931	958	736	1029	896
Gene_00563	48	90	123	69	84	39
Gene_00564	949	1690	1708	1788	2032	1441
Gene_00565	77	75	130	47	72	65
Gene_00566	2	1	1	3	1	1
Gene_00567	12	30	17	14	30	25
Gene_00568	7	6	3	3	2	4
Gene_00569	54	63	80	49	62	80
Gene_00570	187	222	124	195	151	150
Gene_00571	4178	4819	5932	4236	3197	1573
Gene_00572	255	258	440	158	358	310
Gene_00573	75	76	76	84	122	70
Gene_00574	781	1741	964	333	1170	867
Gene_00575	4	2	6	1	4	1
Gene_00576	165	186	239	148	429	244
Gene_00577	467	537	581	1258	793	442
Gene_00578	1	3	10	12	7	0
Gene_00579	1291	2688	1525	1372	1483	1941
Gene_00580	355	328	260	233	241	299
Gene_00581	46	79	107	90	117	67
Gene_00582	687	521	606	453	477	631
Gene_00583	13762	11739	8746	15914	14262	10438
Gene_00584	202	418	232	272	129	123
Gene_00585	237	116	268	334	180	432
Gene_00586	49	59	65	85	36	60
Gene_00587	29	21	19	25	21	45
Gene_00588	744	470	863	371	684	1081
Gene_00589	39	21	9	175	203	100
Gene_00590	221	152	149	1085	522	548
Gene_00591	38	108	92	52	35	67
Gene_00592	323	557	247	497	308	500
Gene_00593	99	273	191	601	666	564
Gene_00594	1242	1496	865	890	923	1597
Gene_00595	35	35	75	13	14	9
Gene_00596	122	107	90	88	72	116
Gene_00597	32	28	35	11	14	19
Gene_00598	66	83	107	19	21	24
Gene_00599	350	433	247	289	365	428
Gene_00600	631	1053	491	566	677	483
Gene_00601	26	18	14	23	27	18
Gene_00602	655	465	860	779	864	856
Gene_00603	2241	2145	3066	2126	2744	2495
Gene_00604	304	324	187	372	435	217
Gene_00605	5800	4756	7462	5834	6617	7411
Gene_00606	27	57	30	44	23	22
Gene_00607	13	18	12	19	9	4
Gene_00608	1	3	6	2	5	2
Gene_00609	2520	4369	3676	508	730	730
Gene_00610	1334	500	185	658	486	773
Gene_00611	99	127	130	183	85	79
Gene_00612	348	290	127	260	235	177
Gene_00613	8	30	16	17	23	15
Gene_00614	17824	25966	24115	13430	23363	14675
Gene_00615	124	175	125	82	127	166
Gene_00616	224	225	232	107	203	218
Gene_00617	644	754	684	494	490	526
Gene_00618	319	259	492	387	432	182
Gene_00619	100	145	195	259	207	299
Gene_00620	75	39	27	27	23	37
Gene_00621	351	577	263	465	232	255
Gene_00622	5369	5332	4719	5651	2826	5245
Gene_00623	1429	1447	4017	1625	1556	1543
Gene_00624	5044	4304	3032	693	942	758
Gene_00625	46	23	45	9	25	16
Gene_00626	14	13	22	10	18	31
Gene_00627	132	71	102	223	316	649
Gene_00628	108	181	115	168	307	127
Gene_00629	1192	1033	1642	1359	890	1442
Gene_00630	3	1	5	21	6	12
Gene_00631	2417	2715	3759	663	873	752
Gene_00632	89	127	80	113	59	147
Gene_00633	35	70	104	47	41	70
Gene_00634	23	19	21	13	24	28
Gene_00635	2	7	5	6	4	12
Gene_00636	1275	1339	762	1701	2445	3011
Gene_00637	203	150	198	88	120	166
Gene_00638	11	5	6	18	6	15
Gene_00639	4	16	2	11	13	14
Gene_00640	89	50	20	60	84	118
Gene_00641	3792	2631	3203	795	819	803
Gene_00642	154	92	64	98	34	55
Gene_00643	3	3	4	4	8	4
Gene_00644	63	200	94	121	51	107
Gene_00645	56	128	24	88	29	150
Gene_00646	0	0	1	1	0	0
Gene_00647	195	109	146	88	106	155
Gene_00648	100	107	31	89	97	73
Gene_00649	452	551	484	737	629	826
Gene_00650	10372	6606	4741	6083	5273	9636
Gene_00651	1776	1567	1664	934	1609	2195
Gene_00652	39	52	90	83	51	46
Gene_00653	21	11	7	11	5	18
Gene_00654	26572	14100	27079	23882	28276	17719
Gene_00655	161	145	151	336	231	95
Gene_00656	96	125	161	111	187	178
Gene_00657	288	152	240	101	140	125
Gene_00658	289	204	252	268	100	356
Gene_00659	138	137	74	61	55	100
Gene_00660	58	29	76	38	25	66
Gene_00661	28	36	61	37	84	23
Gene_00662	100	82	199	104	198	227
Gene_00663	47	87	59	28	64	75
Gene_00664	40	41	19	25	34	29
Gene_00665	138	168	164	225	248	232
Gene_00666	134	62	59	93	92	49
Gene_00667	4010	2157	3061	1421	1741	2220
Gene_00668	1	1	1	2	0	0
Gene_00669	1074	1119	1281	1602	930	1186
Gene_00670	1851	3143	572	1120	2515	1844
Gene_00671	2	3	3	0	3	0
Gene_00672	95	107	80	60	96	82
Gene_00673	96	72	41	83	181	227
Gene_00674	10	13	5	4	7	11
Gene_00675	36	48	34	5	6	7
Gene_00676	18	11	13	23	11	13
Gene_00677	2517	6455	3946	6996	3315	4224
Gene_00678	877	801	942	977	1057	1041
Gene_00679	2898	1146	1572	2884	1797	1521
Gene_00680	529	825	612	332	481	610
Gene_00681	5	20	28	26	17	16
Gene_00682	40	45	62	37	76	74
Gene_00683	572	356	143	485	300	335
Gene_00684	15	9	20	13	7	15
Gene_00685	686	661	602	539	800	634
Gene_00686	65	130	81	81	141	98
Gene_00687	87	71	192	89	61	93
Gene_00688	720	531	791	176	104	200
Gene_00689	373	310	573	548	246	368
Gene_00690	67	64	134	69	76	110
Gene_00691	1158	2627	1155	966	1287	852
Gene_00692	12	11	21	26	10	44
Gene_00693	614	288	289	1512	1089	1749
Gene_00694	491	494	297	731	362	435
Gene_00695	71	100	84	73	51	75
Gene_00696	301	228	298	821	204	703
Gene_00697	5	14	14	21	16	7
Gene_00698	1443	973	753	928	527	1101
Gene_00699	70	92	115	129	84	85
Gene_00700	90	40	27	80	82	19
Gene_00701	831	844	1952	1368	1783	1000
Gene_00702	37	52	46	13	38	27
Gene_00703	12	5	5	2	5	11
Gene_00704	7	8	7	4	8	3
Gene_00705	583	369	350	593	517	489
Gene_00706	5	8	19	3	12	9
Gene_00707	5774	6379	6363	19261	10428	17882
Gene_00708	4	4	0	2	4	2
Gene_00709	4265	2640	3455	7305	3175	5532
Gene_00710	204	236	331	925	740	726
Gene_00711	80	94	101	149	209	110
Gene_00712	67	89	46	52	44	39
Gene_00713	345	329	215	1107	798	1168
Gene_00714	178	98	180	127	79	131
Gene_00715	920	1099	1280	1377	1329	530
Gene_00716	330	291	184	176	322	168
Gene_00717	185	236	125	61	56	62
Gene_00718	48	99	56	45	106	41
Gene_00719	113	146	156	121	114	127
Gene_00720	218	152	112	396	348	190
Gene_00721	7	3	3	9	1	2
Gene_00722	10	12	3	4	8	3
Gene_00723	361	472	173	783	232	510
Gene_00724	92	183	128	84	55	85
Gene_00725	112	85	84	230	162	96
Gene_00726	290	160	66	101	111	114
Gene_00727	252	265	275	123	163	118
Gene_00728	58	44	41	33	75	82
Gene_00729	27	46	25	29	43	32
Gene_00730	129	171	167	189	201	59
Gene_00731	57	27	22	19	26	19
Gene_00732	371	447	229	271	253	237
Gene_00733	1	4	5	5	4	5
Gene_00734	795	1928	1735	1860	1804	1010
Gene_00735	506	266	242	309	175	172
Gene_00736	148	273	265	392	326	169
Gene_00737	650	1277	1391	1689	1455	965
Gene_00738	3016	1920	3837	3225	5488	2106
Gene_00739	640	888	603	765	752	310
Gene_00740	2	4	3	4	2	4
Gene_00741	17	12	10	9	23	6
Gene_00742	56	44	37	45	37	41
Gene_00743	215	250	179	95	128	194
Gene_00744	594	364	515	90	242	90
Gene_00745	28	20	42	14	50	35
Gene_00746	329	296	206	189	511	220
Gene_00747	40	36	21	22	37	29
Gene_00748	24	27	18	43	64	42
Gene_00749	10	6	9	2	7	3
Gene_00750	30	20	19	27	9	20
Gene_00751	10	8	11	12	8	2
Gene_00752	15	7	25	1	7	9
Gene_00753	1122	1366	1284	1358	1264	1760
Gene_00754	12	28	40	8	20	18
Gene_00755	35868	17010	31700	90108	89794	67635
Gene_00756	210	406	289	373	364	393
Gene_00757	162	301	351	148	233	195
Gene_00758	20	14	34	23	23	19
Gene_00759	638	621	429	569	302	444
Gene_00760	41	49	25	26	45	54
Gene_00761	172	203	224	771	787	683
Gene_00762	20402	35610	17430	21110	12945	22934
Gene_00763	154	92	109	114	169	201
Gene_00764	1506	1748	1799	2200	825	1955
Gene_00765	23	12	41	51	42	37
Gene_00766	121	109	147	105	117	175
Gene_00767	5134	3761	4971	3727	4544	5834
Gene_00768	34	42	60	57	27	40
Gene_00769	2577	5086	7446	3477	8062	4761
Gene_00770	625	392	699	625	685	242
Gene_00771	66	31	60	84	31	57
Gene_00772	528	458	599	677	1228	278
Gene_00773	648	1103	775	904	754	1203
Gene_00774	340	759	679	516	253	432
Gene_00775	6	10	8	3	4	8
Gene_00776	42	55	42	21	10	10
Gene_00777	68	85	84	98	90	104
Gene_00778	82	108	134	123	132	101
Gene_00779	314	558	457	588	815	265
Gene_00780	305	256	122	531	576	376
Gene_00781	12	14	3	9	12	9
Gene_00782	209	211	268	378	535	295
Gene_00783	852	634	649	239	587	433
Gene_00784	363	772	547	458	574	357
Gene_00785	1254	2230	257	1217	1930	1649
Gene_00786	625	671	707	1133	394	838
Gene_00787	199	146	386	306	302	322
Gene_00788	132	155	88	77	176	120
Gene_00789	4	5	5	2	2	3
Gene_00790	464	379	487	393	295	287
Gene_00791	258	204	341	300	245	185
Gene_00792	149	198	220	158	226	392
Gene_00793	9	13	9	13	11	11
Gene_00794	17	16	13	15	8	7
Gene_00795	988	1227	789	1718	1723	1344
Gene_00796	139	161	58	66	72	119
Gene_00797	557	834	472	614	662	318
Gene_00798	77	127	134	159	62	106
Gene_00799	252	96	114	176	182	157
Gene_00800	1371	705	734	1123	1248	657
Gene_00801	47	50	64	40	72	59
Gene_00802	238	101	217	67	165	240
Gene_00803	56	55	72	52	69	88
Gene_00804	55	49	70	92	73	46
Gene_00805	101	108	68	50	96	113
Gene_00806	188	281	248	86	141	64
Gene_00807	97	76	58	45	54	63
Gene_00808	3649	1855	1139	2241	1702	1775
Gene_00809	27	27	20	21	14	12
Gene_00810	101	92	135	113	143	73
Gene_00811	48	40	24	38	66	68
Gene_00812	2815	4342	3624	2865	1199	3453
Gene_00813	403	103	165	209	197	134
Gene_00814	878	2408	1074	1047	1562	764
Gene_00815	5	10	7	15	7	16
Gene_00816	212	365	174	242	141	294
Gene_00817	848	577	773	895	739	571
Gene_00818	81	96	114	205	141	201
Gene_00819	1113	1324	1205	1171	1139	2282
Gene_00820	53	41	45	54	60	75
Gene_00821	3477	2643	2373	19139	11789	11298
Gene_00822	12769	9439	17717	13437	12072	9469
Gene_00823	74	48	47	57	68	29
Gene_00824	44	63	67	43	85	63
Gene_00825	2694	1904	1168	3029	1091	3958
Gene_00826	2400	2953	3281	2120	4430	5068
Gene_00827	31	40	38	53	50	61
Gene_00828	51	62	67	45	106	65
Gene_00829	102	69	61	134	51	135
Gene_00830	6	12	10	16	4	20
Gene_00831	19	21	22	27	31	48
Gene_00832	24	13	19	27	47	47
Gene_00833	18	22	45	26	29	19
Gene_00834	139	102	206	134	113	189
Gene_00835	154	261	309	261	280	117
Gene_00836	1416	3285	2590	2830	1943	4435
Gene_00837	12	23	12	45	18	12
Gene_00838	745	575	934	1486	656	1135
Gene_00839	94	144	115	89	96	123
Gene_00840	99	112	111	136	69	94
Gene_00841	537	459	564	484	406	354
Gene_00842	17	17	21	24	14	18
Gene_00843	368	294	277	303	220	447
Gene_00844	186	140	138	1106	551	709
Gene_00845	369	535	433	931	466	373
Gene_00846	275	186	396	281	265	356
Gene_00847	20265	24874	28209	23194	30643	36059
Gene_00848	16	25	18	24	42	34
Gene_00849	56	67	73	68	76	40
Gene_00850	69	41	53	80	39	46
Gene_00851	30	41	82	39	41	68
Gene_00852	54	46	29	55	39	18
Gene_00853	1852	1907	1243	1953	1225	1288
Gene_00854	1832	2750	1086	1640	3392	5015
Gene_00855	43	70	47	84	48	36
Gene_00856	29	16	22	16	21	38
Gene_00857	346	489	233	413	487	324
Gene_00858	49	50	50	50	77	76
Gene_00859	335	557	706	327	481	258
Gene_00860	230	141	221	325	310	244
Gene_00861	9	5	14	7	6	7
Gene_00862	2546	3742	5336	2713	3911	2376
Gene_00863	4985	4997	4900	3391	4516	12125
Gene_00864	25	37	70	48	37	61
Gene_00865	92	99	36	51	24	42
Gene_00866	336	335	404	251	133	473
Gene_00867	246	338	261	218	214	266
Gene_00868	535	672	369	1018	1000	1880
Gene_00869	9564	9994	5692	8633	9311	8944
Gene_00870	182	105	173	130	87	114
Gene_00871	35	22	30	29	25	27
Gene_00872	13	7	6	4	7	8
Gene_00873	48	26	29	27	16	42
Gene_00874	73	57	175	98	91	182
Gene_00875	7064	6031	7902	6110	8911	4251
Gene_00876	64	38	46	72	94	86
Gene_00877	225	274	383	228	319	145
Gene_00878	101	257	174	193	48	197
Gene_00879	1138	1845	1750	1822	1739	1749
Gene_00880	13111	23524	26212	17547	34021	22877
Gene_00881	94	69	40	164	140	425
Gene_00882	62	66	58	36	38	29
Gene_00883	945	881	862	1220	916	889
Gene_00884	799	421	632	577	383	909
Gene_00885	11399	4896	4651	7186	3933	6339
Gene_00886	291	213	428	359	347	734
Gene_00887	49	69	42	94	29	68
Gene_00888	808	876	288	658	602	458
Gene_00889	1539	1709	1692	782	1696	718
Gene_00890	346	769	763	400	745	1230
Gene_00891	232	268	374	1849	2010	2512
Gene_00892	1655	1547	1464	1547	757	1416
Gene_00893	1772	1177	1166	754	1632	1104
Gene_00894	2028	2731	2523	2583	2429	1107
Gene_00895	840	351	1116	321	208	383
Gene_00896	95	95	145	165	112	149
Gene_00897	215	206	272	208	183	282
Gene_00898	2112	1109	1421	6034	2466	3027
Gene_00899	27	29	34	8	11	13
Gene_00900	314	330	383	223	439	373
Gene_00901	91	51	61	105	76	84
Gene_00902	147	169	165	226	197	167
Gene_00903	2352	1321	1876	778	1243	3421
Gene_00904	146	310	209	274	247	270
Gene_00905	240	107	171	105	166	111
Gene_00906	12	12	11	13	6	6
Gene_00907	700	919	597	927	592	168
Gene_00908	209	386	526	576	699	393
Gene_00909	9085	13031	11917	8516	10197	10350
Gene_00910	81	63	142	89	84	41
Gene_00911	99	259	231	198	334	177
Gene_00912	189	444	257	416	145	221
Gene_00913	3163	4209	3246	2993	2936	4044
Gene_00914	137	97	159	152	98	130
Gene_00915	217	90	144	181	107	222
Gene_00916	566	526	370	274	483	484
Gene_00917	227	108	162	197	157	223
Gene_00918	21	63	40	337	146	292
Gene_00919	113	247	280	306	161	202
Gene_00920	617	1326	1094	680	1387	1471
Gene_00921	35	13	21	13	25	7
Gene_00922	60	120	251	89	239	383
Gene_00923	39	33	26	32	20	41
Gene_00924	761	1515	2243	1749	1279	1394
Gene_00925	13	6	8	8	4	5
Gene_00926	39	35	28	36	67	59
Gene_00927	351	261	160	309	148	329
Gene_00928	3454	2714	2794	3021	2866	3639
Gene_00929	79	99	132	188	131	170
Gene_00930	31	46	47	24	79	74
Gene_00931	2782	3931	11035	4197	12825	6300
Gene_00932	10	13	11	1	13	9
Gene_00933	0	5	0	0	3	4
Gene_00934	334	456	488	421	228	306
Gene_00935	41	60	65	32	51	104
Gene_00936	13	13	41	19	28	14
Gene_00937	509	1084	566	568	638	579
Gene_00938	220	225	170	220	298	195
Gene_00939	41	57	47	49	33	47
Gene_00940	11	12	4	14	6	13
Gene_00941	1313	816	1263	1076	434	470
Gene_00942	491	504	287	446	684	547
Gene_00943	209	130	202	81	81	93
Gene_00944	7244	8086	3640	1907	5670	4734
Gene_00945	25	22	13	4	5	12
Gene_00946	2	3	2	6	12	13
Gene_00947	7	32	33	14	49	21
Gene_00948	148	53	47	123	86	162
Gene_00949	184	250	100	150	103	280
Gene_00950	77	153	85	37	87	32
Gene_00951	366	267	276	150	253	261
Gene_00952	14	15	9	9	4	18
Gene_00953	3800	2293	2599	3252	2192	3417
Gene_00954	143	142	197	138	84	103
Gene_00955	563	920	1677	1305	1678	1643
Gene_00956	434	262	230	368	437	446
Gene_00957	448	343	467	514	545	200
Gene_00958	719	562	496	409	403	533
Gene_00959	317	378	419	183	318	195
Gene_00960	643	1005	632	478	685	473
Gene_00961	1902	2709	1384	2130	1994	855
Gene_00962	169	299	243	200	234	192
Gene_00963	604	572	348	642	464	223
Gene_00964	120	85	123	50	135	144
Gene_00965	1852	2067	2716	3468	2028	1741
Gene_00966	33	57	48	10	19	13
Gene_00967	8511	6102	3736	9815	20058	42590
Gene_00968	137	135	111	172	145	219
Gene_00969	4	7	8	46	37	40
Gene_00970	165	273	177	213	152	104
Gene_00971	52	22	39	119	81	212
Gene_00972	846	825	1163	709	925	565
Gene_00973	48	19	32	53	31	45
Gene_00974	59	95	50	115	69	99
Gene_00975	4	1	0	1	2	0
Gene_00976	60	42	31	54	50	53
Gene_00977	3	1	1	1	1	0
Gene_00978	10	5	0	4	9	7
Gene_00979	539	586	405	229	130	137
Gene_00980	904	587	1030	762	863	966
Gene_00981	172	325	199	422	191	217
Gene_00982	16	10	16	27	36	31
Gene_00983	168	181	193	144	108	77
Gene_00984	151	103	134	210	76	39
Gene_00985	7	10	11	15	21	21
Gene_00986	3755	2765	2519	2158	1265	2813
Gene_00987	996	789	1321	612	441	529
Gene_00988	68	73	100	95	37	51
Gene_00989	302	142	125	247	177	133
Gene_00990	120	308	173	226	214	384
Gene_00991	3	2	1	3	5	5
Gene_00992	92	96	116	41	74	100
Gene_00993	30	20	17	36	50	29
Gene_00994	15	1	25	8	8	7
Gene_00995	46	93	86	153	88	72
Gene_00996	4845	5495	8292	9387	7088	5181
Gene_00997	193	635	713	396	495	511
Gene_00998	69	27	18	52	50	43
Gene_00999	489	397	595	435	225	325
